entity,code,year,predicted_forest_cover
Algeria,DZA,2016,390920.96917741164
Algeria,DZA,2017,425632.8321343715
Algeria,DZA,2018,458096.0191516634
Algeria,DZA,2019,473993.67635171604
Algeria,DZA,2020,489306.13014844334
Algeria,DZA,2021,500563.82546912774
Algeria,DZA,2022,518624.0280718573
Algeria,DZA,2023,537606.0378185515
Algeria,DZA,2024,560846.5717588407
Algeria,DZA,2025,582052.140985674
Algeria,DZA,2026,603646.6301147881
Algeria,DZA,2027,622069.8179944737
Algeria,DZA,2028,640683.2402430733
Algeria,DZA,2029,657776.7897480994
Algeria,DZA,2030,676491.8165197514
Argentina,ARG,2016,-6874374.325243607
Argentina,ARG,2017,-7177673.715362044
Argentina,ARG,2018,-7507690.3609899
Argentina,ARG,2019,-7835345.364724247
Argentina,ARG,2020,-8084039.3472104985
Argentina,ARG,2021,-8355708.801918739
Argentina,ARG,2022,-8618857.468680674
Argentina,ARG,2023,-8902748.668488871
Argentina,ARG,2024,-9186608.388013214
Argentina,ARG,2025,-9487537.261517756
Argentina,ARG,2026,-9790337.002056744
Argentina,ARG,2027,-10098107.29566758
Argentina,ARG,2028,-10406007.670818586
Argentina,ARG,2029,-10716844.350836283
Argentina,ARG,2030,-11033413.407058679
Aruba,ABW,2016,0.002199618723794763
Aruba,ABW,2017,0.004517690145371189
Aruba,ABW,2018,0.007408580163874986
Aruba,ABW,2019,0.009749515487631795
Aruba,ABW,2020,0.011878969675849256
Aruba,ABW,2021,0.013435719273591553
Aruba,ABW,2022,0.01357268896426877
Aruba,ABW,2023,0.01297300505380471
Aruba,ABW,2024,0.011824474692849234
Aruba,ABW,2025,0.010329851948240137
Aruba,ABW,2026,0.008351604833981023
Aruba,ABW,2027,0.006067132331853108
Aruba,ABW,2028,0.003717974272594956
Aruba,ABW,2029,0.0013426671205255861
Aruba,ABW,2030,-0.001061304736691462
Australia,AUS,2016,3244020.6523093805
Australia,AUS,2017,2833524.7179711936
Australia,AUS,2018,2073437.4802219768
Australia,AUS,2019,1804031.166642941
Australia,AUS,2020,1569770.9796183663
Australia,AUS,2021,1736319.1310582056
Australia,AUS,2022,1991737.2940451163
Australia,AUS,2023,2560525.9070603997
Australia,AUS,2024,3170782.3344889656
Australia,AUS,2025,3702374.9811383267
Australia,AUS,2026,3878324.6283442713
Australia,AUS,2027,3696765.550732644
Australia,AUS,2028,3248417.9467603015
Australia,AUS,2029,2862904.247757569
Australia,AUS,2030,2709194.81817958
Austria,AUT,2016,106377.35162761001
Austria,AUT,2017,109756.56275597698
Austria,AUT,2018,113287.47212624263
Austria,AUT,2019,117982.8228079945
Austria,AUT,2020,122773.3427240166
Austria,AUT,2021,127990.15615880225
Austria,AUT,2022,132241.66145164936
Austria,AUT,2023,135774.6122078822
Austria,AUT,2024,137706.68072537653
Austria,AUT,2025,139756.07906264797
Austria,AUT,2026,141238.77992412093
Austria,AUT,2027,144485.69426162186
Austria,AUT,2028,148899.41443121605
Austria,AUT,2029,156752.65048861658
Austria,AUT,2030,163550.451472758
Azerbaijan,AZE,2016,263664.3297697451
Azerbaijan,AZE,2017,274307.10855154076
Azerbaijan,AZE,2018,275393.95106348174
Azerbaijan,AZE,2019,286966.15367137763
Azerbaijan,AZE,2020,296414.9160522446
Azerbaijan,AZE,2021,317297.3649357592
Azerbaijan,AZE,2022,330372.1687771191
Azerbaijan,AZE,2023,345842.97367116355
Azerbaijan,AZE,2024,348452.490875785
Azerbaijan,AZE,2025,353079.3855123012
Azerbaijan,AZE,2026,347285.1954428073
Azerbaijan,AZE,2027,351646.8502982799
Azerbaijan,AZE,2028,354947.43597012636
Azerbaijan,AZE,2029,376580.15775849996
Azerbaijan,AZE,2030,402241.9197100793
Bahrain,BHR,2016,369.00363453508464
Bahrain,BHR,2017,380.162730052083
Bahrain,BHR,2018,371.88665816205236
Bahrain,BHR,2019,388.8979493912991
Bahrain,BHR,2020,398.7839716811005
Bahrain,BHR,2021,436.78771502709094
Bahrain,BHR,2022,457.3374017185412
Bahrain,BHR,2023,483.4567780455868
Bahrain,BHR,2024,485.55027773337576
Bahrain,BHR,2025,493.0735881805242
Bahrain,BHR,2026,484.2757992198381
Bahrain,BHR,2027,494.66780005005864
Bahrain,BHR,2028,502.48596069136255
Bahrain,BHR,2029,535.3477109993378
Bahrain,BHR,2030,566.1651375082977
Bangladesh,BGD,2016,-45268.70602053107
Bangladesh,BGD,2017,-47956.56730714617
Bangladesh,BGD,2018,-50573.41676478555
Bangladesh,BGD,2019,-53056.33622116592
Bangladesh,BGD,2020,-54780.411139390664
Bangladesh,BGD,2021,-56750.277525702724
Bangladesh,BGD,2022,-58640.82844941865
Bangladesh,BGD,2023,-60706.302203742
Bangladesh,BGD,2024,-62819.875301996435
Bangladesh,BGD,2025,-64981.59898086388
Bangladesh,BGD,2026,-67153.9684161297
Bangladesh,BGD,2027,-69277.26278869783
Bangladesh,BGD,2028,-71397.15469559413
Bangladesh,BGD,2029,-73528.06374634537
Bangladesh,BGD,2030,-75708.7353918835
Belarus,BLR,2016,687427.411505492
Belarus,BLR,2017,718225.4220365214
Belarus,BLR,2018,749922.3760261699
Belarus,BLR,2019,785216.4156408131
Belarus,BLR,2020,815700.5288606968
Belarus,BLR,2021,846147.6912839968
Belarus,BLR,2022,868557.130987179
Belarus,BLR,2023,893003.0122039649
Belarus,BLR,2024,909236.535233108
Belarus,BLR,2025,934137.3482226238
Belarus,BLR,2026,958069.3971566055
Belarus,BLR,2027,999315.1200762875
Belarus,BLR,2028,1036846.7285490134
Belarus,BLR,2029,1086722.6558278126
Belarus,BLR,2030,1110605.4321653384
Belgium,BEL,2016,-2888.426756684059
Belgium,BEL,2017,-3022.7822303788516
Belgium,BEL,2018,-3155.73335067561
Belgium,BEL,2019,-3292.884693851839
Belgium,BEL,2020,-3388.401118773104
Belgium,BEL,2021,-3499.019797702189
Belgium,BEL,2022,-3602.2615850864236
Belgium,BEL,2023,-3716.928595984362
Belgium,BEL,2024,-3832.0424258819917
Belgium,BEL,2025,-3951.5054299124786
Belgium,BEL,2026,-4071.1516076899925
Belgium,BEL,2027,-4190.965644391083
Belgium,BEL,2028,-4315.424110312593
Belgium,BEL,2029,-4442.247280422341
Belgium,BEL,2030,-4568.687109311561
Belize,BLZ,2016,-285601.9895073023
Belize,BLZ,2017,-295116.45906356093
Belize,BLZ,2018,-304246.67130393995
Belize,BLZ,2019,-313193.0567490829
Belize,BLZ,2020,-324166.4233472663
Belize,BLZ,2021,-335341.98988834186
Belize,BLZ,2022,-347109.28532912256
Belize,BLZ,2023,-359585.10037019546
Belize,BLZ,2024,-372093.27767021896
Belize,BLZ,2025,-384659.2083281169
Belize,BLZ,2026,-397059.8185948982
Belize,BLZ,2027,-409297.44105902495
Belize,BLZ,2028,-421087.5271080794
Belize,BLZ,2029,-433033.12199252285
Belize,BLZ,2030,-445052.5421445968
Bhutan,BTN,2016,206722.46415233126
Bhutan,BTN,2017,221207.8010254869
Bhutan,BTN,2018,234492.40346704592
Bhutan,BTN,2019,239277.18066020773
Bhutan,BTN,2020,244011.69092952448
Bhutan,BTN,2021,246446.76283744525
Bhutan,BTN,2022,253109.25792818965
Bhutan,BTN,2023,260661.63222434305
Bhutan,BTN,2024,271010.00041077106
Bhutan,BTN,2025,280132.7788997627
Bhutan,BTN,2026,289471.5271863362
Bhutan,BTN,2027,296173.2071020313
Bhutan,BTN,2028,302676.6666910781
Bhutan,BTN,2029,307427.7554712927
Bhutan,BTN,2030,313405.78318466875
Bolivia,BOL,2016,-6288697.048669445
Bolivia,BOL,2017,-6528953.999102489
Bolivia,BOL,2018,-6778456.388983736
Bolivia,BOL,2019,-7056940.5523867635
Bolivia,BOL,2020,-7346247.716002195
Bolivia,BOL,2021,-7613079.572736055
Bolivia,BOL,2022,-7870924.913798913
Bolivia,BOL,2023,-8118276.655879149
Bolivia,BOL,2024,-8353246.673639996
Bolivia,BOL,2025,-8586441.477851551
Bolivia,BOL,2026,-8824545.371859659
Bolivia,BOL,2027,-9076880.626637097
Bolivia,BOL,2028,-9347238.053833265
Bolivia,BOL,2029,-9636992.887035012
Bolivia,BOL,2030,-9939826.7429469
Brazil,BRA,2016,-88011688.69814853
Brazil,BRA,2017,-91900722.1491848
Brazil,BRA,2018,-96093246.15780334
Brazil,BRA,2019,-99939294.41933385
Brazil,BRA,2020,-102539534.12674308
Brazil,BRA,2021,-105612429.36255914
Brazil,BRA,2022,-108489011.55032805
Brazil,BRA,2023,-111754950.51997289
Brazil,BRA,2024,-115103950.24404159
Brazil,BRA,2025,-118579783.36125335
Brazil,BRA,2026,-122053634.5205087
Brazil,BRA,2027,-125534350.65302876
Brazil,BRA,2028,-129041298.55791026
Brazil,BRA,2029,-132555708.62468597
Brazil,BRA,2030,-136086636.03729555
Bulgaria,BGR,2016,618732.2932860851
Bulgaria,BGR,2017,662623.0641839071
Bulgaria,BGR,2018,707273.0772553391
Bulgaria,BGR,2019,734501.39374866
Bulgaria,BGR,2020,763343.9316523537
Bulgaria,BGR,2021,776958.0823668964
Bulgaria,BGR,2022,799032.3460070456
Bulgaria,BGR,2023,818160.4953462121
Bulgaria,BGR,2024,854135.7882043072
Bulgaria,BGR,2025,890545.6626601948
Bulgaria,BGR,2026,934586.1307707545
Bulgaria,BGR,2027,970472.6835027109
Bulgaria,BGR,2028,1004082.503274809
Bulgaria,BGR,2029,1020930.4060673397
Bulgaria,BGR,2030,1036938.3297199369
Burundi,BDI,2016,61731.14695063908
Burundi,BDI,2017,59553.4590231281
Burundi,BDI,2018,59874.916326346065
Burundi,BDI,2019,65010.06149345294
Burundi,BDI,2020,70758.58461551597
Burundi,BDI,2021,76698.22245929403
Burundi,BDI,2022,81378.095180643
Burundi,BDI,2023,85813.78771813924
Burundi,BDI,2024,89928.34908873861
Burundi,BDI,2025,94593.28564934232
Burundi,BDI,2026,99513.53656965491
Burundi,BDI,2027,104962.34503567476
Burundi,BDI,2028,110486.00564218166
Burundi,BDI,2029,116099.26887492673
Burundi,BDI,2030,121484.50053322411
Cameroon,CMR,2016,-1978855.9922378429
Cameroon,CMR,2017,-2057245.9475431
Cameroon,CMR,2018,-2148154.6872961186
Cameroon,CMR,2019,-2234786.3203731477
Cameroon,CMR,2020,-2311723.289980294
Cameroon,CMR,2021,-2385381.167061327
Cameroon,CMR,2022,-2453582.5726747904
Cameroon,CMR,2023,-2519654.3234591414
Cameroon,CMR,2024,-2590533.257611293
Cameroon,CMR,2025,-2666696.127023614
Cameroon,CMR,2026,-2749708.7227612603
Cameroon,CMR,2027,-2837814.4231473827
Cameroon,CMR,2028,-2928615.216781953
Cameroon,CMR,2029,-3019608.8073064266
Cameroon,CMR,2030,-3109697.215067473
Canada,CAN,2016,-1273913.8289910192
Canada,CAN,2017,-1323326.8856384167
Canada,CAN,2018,-1383442.365899144
Canada,CAN,2019,-1441748.4473045678
Canada,CAN,2020,-1495561.6489383723
Canada,CAN,2021,-1548620.4897091228
Canada,CAN,2022,-1598015.6134059103
Canada,CAN,2023,-1645305.2905208895
Canada,CAN,2024,-1692996.024721393
Canada,CAN,2025,-1741970.7666563534
Canada,CAN,2026,-1795484.5105663617
Canada,CAN,2027,-1852041.0484745316
Canada,CAN,2028,-1912292.1677768533
Canada,CAN,2029,-1973677.3042987387
Canada,CAN,2030,-2035655.1966372076
Cape Verde,CPV,2016,8371.322912978187
Cape Verde,CPV,2017,8730.942243649486
Cape Verde,CPV,2018,9108.108076083266
Cape Verde,CPV,2019,9600.316596492661
Cape Verde,CPV,2020,9957.935007903063
Cape Verde,CPV,2021,10366.612902917092
Cape Verde,CPV,2022,10552.934511396506
Cape Verde,CPV,2023,10837.123771329067
Cape Verde,CPV,2024,10942.412038761886
Cape Verde,CPV,2025,11303.850453708454
Cape Verde,CPV,2026,11602.954083365912
Cape Verde,CPV,2027,12231.09376720581
Cape Verde,CPV,2028,12669.958154619972
Cape Verde,CPV,2029,13253.113008158118
Cape Verde,CPV,2030,13471.491741591133
Cayman Islands,CYM,2016,-383.31631678689536
Cayman Islands,CYM,2017,-403.9176455965969
Cayman Islands,CYM,2018,-423.9131279338502
Cayman Islands,CYM,2019,-441.034803078982
Cayman Islands,CYM,2020,-450.85099073990676
Cayman Islands,CYM,2021,-463.20182584385566
Cayman Islands,CYM,2022,-474.6511826696542
Cayman Islands,CYM,2023,-488.42523100123833
Cayman Islands,CYM,2024,-502.16236428682066
Cayman Islands,CYM,2025,-516.211038759516
Cayman Islands,CYM,2026,-529.9661039632896
Cayman Islands,CYM,2027,-543.5260486650882
Cayman Islands,CYM,2028,-557.1299115186339
Cayman Islands,CYM,2029,-570.8130800052204
Cayman Islands,CYM,2030,-584.7262002597017
Central African Republic,CAF,2016,-842589.0112030943
Central African Republic,CAF,2017,-877220.6318273335
Central African Republic,CAF,2018,-914302.3585368944
Central African Republic,CAF,2019,-952493.3982441227
Central African Republic,CAF,2020,-991966.4420619722
Central African Republic,CAF,2021,-1028310.2780609133
Central African Republic,CAF,2022,-1062621.1956547548
Central African Republic,CAF,2023,-1095945.4411431942
Central African Republic,CAF,2024,-1128000.4123463365
Central African Republic,CAF,2025,-1160112.189672837
Central African Republic,CAF,2026,-1193768.7096684158
Central African Republic,CAF,2027,-1229550.2326083868
Central African Republic,CAF,2028,-1268189.9406972914
Central African Republic,CAF,2029,-1308839.0238526193
Central African Republic,CAF,2030,-1349951.4173035682
Chile,CHL,2016,2939041.4492767556
Chile,CHL,2017,3000343.9897602154
Chile,CHL,2018,3007534.863760532
Chile,CHL,2019,3180730.125011389
Chile,CHL,2020,3376823.627403484
Chile,CHL,2021,3663524.390168249
Chile,CHL,2022,3799048.710249719
Chile,CHL,2023,3927274.0820603794
Chile,CHL,2024,3891021.941972925
Chile,CHL,2025,3899724.6028542267
Chile,CHL,2026,3862169.2601587577
Chile,CHL,2027,4010167.650580203
Chile,CHL,2028,4198165.498626115
Chile,CHL,2029,4541142.725922991
Chile,CHL,2030,4802687.000964589
China,CHN,2016,59432824.398654416
China,CHN,2017,62317642.850968085
China,CHN,2018,65630064.61944419
China,CHN,2019,68456232.86932102
China,CHN,2020,71183453.87662758
China,CHN,2021,73074752.82049683
China,CHN,2022,75120455.89012499
China,CHN,2023,76448421.94490513
China,CHN,2024,78728072.18675777
China,CHN,2025,81097387.22614987
China,CHN,2026,84848596.0352765
China,CHN,2027,88343824.59120318
China,CHN,2028,92478482.49024865
China,CHN,2029,94761281.4749279
China,CHN,2030,96566241.75878656
Colombia,COL,2016,-5212145.880365735
Colombia,COL,2017,-5433494.236803705
Colombia,COL,2018,-5676325.363032453
Colombia,COL,2019,-5902042.068318325
Colombia,COL,2020,-6131699.512838262
Colombia,COL,2021,-6348755.734314727
Colombia,COL,2022,-6543258.970868044
Colombia,COL,2023,-6733956.243003817
Colombia,COL,2024,-6917202.301872455
Colombia,COL,2025,-7100857.876829417
Colombia,COL,2026,-7301881.177829513
Colombia,COL,2027,-7517138.454452822
Colombia,COL,2028,-7754815.168645963
Colombia,COL,2029,-8002990.005820984
Colombia,COL,2030,-8254683.020670695
Congo,COG,2016,-340021.1492332376
Congo,COG,2017,-353753.31755816896
Congo,COG,2018,-367766.1717982888
Congo,COG,2019,-383585.663017703
Congo,COG,2020,-398778.94076837716
Congo,COG,2021,-413434.66105344164
Congo,COG,2022,-427880.3051160906
Congo,COG,2023,-441638.3283578594
Congo,COG,2024,-455223.46642807336
Congo,COG,2025,-468860.61767157656
Congo,COG,2026,-482730.9088472449
Congo,COG,2027,-497416.1189732364
Congo,COG,2028,-512671.99683369556
Congo,COG,2029,-528797.8300784773
Congo,COG,2030,-545195.796787748
Costa Rica,CRI,2016,135360.41282300855
Costa Rica,CRI,2017,129898.35521980713
Costa Rica,CRI,2018,112941.95925955682
Costa Rica,CRI,2019,113509.28102833295
Costa Rica,CRI,2020,115086.98509319228
Costa Rica,CRI,2021,132131.82139673954
Costa Rica,CRI,2022,149552.74641797645
Costa Rica,CRI,2023,168469.34302729642
Costa Rica,CRI,2024,178563.81586986635
Costa Rica,CRI,2025,185081.219543911
Costa Rica,CRI,2026,181754.06957915935
Costa Rica,CRI,2027,176712.2173540144
Costa Rica,CRI,2028,169552.94255971152
Costa Rica,CRI,2029,172373.825078088
Costa Rica,CRI,2030,181482.1561062882
Croatia,HRV,2016,76077.63842840506
Croatia,HRV,2017,79947.05819971961
Croatia,HRV,2018,84057.00627217219
Croatia,HRV,2019,85989.76807267638
Croatia,HRV,2020,88627.2830520632
Croatia,HRV,2021,89370.76157145918
Croatia,HRV,2022,91925.99850241168
Croatia,HRV,2023,93756.49638491838
Croatia,HRV,2024,98131.3451155569
Croatia,HRV,2025,102120.89926608525
Croatia,HRV,2026,107297.11688938492
Croatia,HRV,2027,110679.37830172142
Croatia,HRV,2028,113891.94671600148
Croatia,HRV,2029,114191.23760667161
Croatia,HRV,2030,113991.88467143977
Cuba,CUB,2016,1233074.849531265
Cuba,CUB,2017,1310075.474426426
Cuba,CUB,2018,1394467.6588730034
Cuba,CUB,2019,1444228.4178765542
Cuba,CUB,2020,1499816.5694498857
Cuba,CUB,2021,1521113.1694780462
Cuba,CUB,2022,1560891.7075929835
Cuba,CUB,2023,1590275.569148244
Cuba,CUB,2024,1655955.6136433417
Cuba,CUB,2025,1721088.276268098
Cuba,CUB,2026,1804653.4508253473
Cuba,CUB,2027,1872305.4951126282
Cuba,CUB,2028,1937484.521884256
Cuba,CUB,2029,1968543.4676284618
Cuba,CUB,2030,1996599.623940865
Denmark,DNK,2016,100747.40542218025
Denmark,DNK,2017,103025.2960312867
Denmark,DNK,2018,106892.55971218366
Denmark,DNK,2019,112971.52456864461
Denmark,DNK,2020,119051.48333575972
Denmark,DNK,2021,124922.57886652184
Denmark,DNK,2022,128751.88586984442
Denmark,DNK,2023,131673.06498651198
Denmark,DNK,2024,133439.41916231875
Denmark,DNK,2025,135968.7549186343
Denmark,DNK,2026,139219.99895213055
Denmark,DNK,2027,144647.02999921236
Denmark,DNK,2028,151336.1093362469
Denmark,DNK,2029,159379.94548457512
Denmark,DNK,2030,165942.3613422101
Djibouti,DJI,2016,116.37107886421559
Djibouti,DJI,2017,112.96280328785906
Djibouti,DJI,2018,89.67905095474372
Djibouti,DJI,2019,83.87056968553075
Djibouti,DJI,2020,74.73627555067091
Djibouti,DJI,2021,78.14849659076077
Djibouti,DJI,2022,77.83406290638939
Djibouti,DJI,2023,84.01312653870394
Djibouti,DJI,2024,84.47562325050082
Djibouti,DJI,2025,88.1212323235692
Djibouti,DJI,2026,87.50413848272542
Djibouti,DJI,2027,89.27588520009286
Djibouti,DJI,2028,88.88856058827297
Djibouti,DJI,2029,90.94911921441883
Djibouti,DJI,2030,92.24019810081708
Dominican Republic,DOM,2016,442519.474871842
Dominican Republic,DOM,2017,467451.3228753459
Dominican Republic,DOM,2018,490927.9284903996
Dominican Republic,DOM,2019,501097.1147352087
Dominican Republic,DOM,2020,508288.791805916
Dominican Republic,DOM,2021,510706.0524855935
Dominican Republic,DOM,2022,519605.6554006828
Dominican Republic,DOM,2023,531851.9717631785
Dominican Republic,DOM,2024,551223.0208187012
Dominican Republic,DOM,2025,569932.0214873998
Dominican Republic,DOM,2026,589374.9172549215
Dominican Republic,DOM,2027,603017.886588936
Dominican Republic,DOM,2028,614448.0654835833
Dominican Republic,DOM,2029,619738.8625940275
Dominican Republic,DOM,2030,625197.3462782995
Ecuador,ECU,2016,-1896877.8772392266
Ecuador,ECU,2017,-1973845.7176326348
Ecuador,ECU,2018,-2062797.7710709441
Ecuador,ECU,2019,-2143987.060330007
Ecuador,ECU,2020,-2216088.575895735
Ecuador,ECU,2021,-2284146.7859454136
Ecuador,ECU,2022,-2345993.134085701
Ecuador,ECU,2023,-2406611.4700653795
Ecuador,ECU,2024,-2472767.2449396816
Ecuador,ECU,2025,-2544703.1854098337
Ecuador,ECU,2026,-2623974.918513162
Ecuador,ECU,2027,-2708448.6792085636
Ecuador,ECU,2028,-2795660.2244401267
Ecuador,ECU,2029,-2882773.415142647
Ecuador,ECU,2030,-2968652.11816578
El Salvador,SLV,2016,-126388.35168046513
El Salvador,SLV,2017,-131583.094774101
El Salvador,SLV,2018,-137145.35378053592
El Salvador,SLV,2019,-142874.00973661925
El Salvador,SLV,2020,-148794.9663092976
El Salvador,SLV,2021,-154246.5417091372
El Salvador,SLV,2022,-159393.17934821156
El Salvador,SLV,2023,-164391.8161714765
El Salvador,SLV,2024,-169200.06185194664
El Salvador,SLV,2025,-174016.82845092088
El Salvador,SLV,2026,-179065.30645025824
El Salvador,SLV,2027,-184432.53489125494
El Salvador,SLV,2028,-190228.4911045924
El Salvador,SLV,2029,-196325.85357789302
El Salvador,SLV,2030,-202492.71259553576
Equatorial Guinea,GNQ,2016,-234801.47112193113
Equatorial Guinea,GNQ,2017,-244452.14940254996
Equatorial Guinea,GNQ,2018,-254785.59057894954
Equatorial Guinea,GNQ,2019,-265428.1603106953
Equatorial Guinea,GNQ,2020,-276427.98185460654
Equatorial Guinea,GNQ,2021,-286555.7974863065
Equatorial Guinea,GNQ,2022,-296117.1065224513
Equatorial Guinea,GNQ,2023,-305403.4629318931
Equatorial Guinea,GNQ,2024,-314336.1149071643
Equatorial Guinea,GNQ,2025,-323284.5968554792
Equatorial Guinea,GNQ,2026,-332663.54709424835
Equatorial Guinea,GNQ,2027,-342634.66482019034
Equatorial Guinea,GNQ,2028,-353402.2634743042
Equatorial Guinea,GNQ,2029,-364729.8079802607
Equatorial Guinea,GNQ,2030,-376186.4616219273
Estonia,EST,2016,308849.94943581097
Estonia,EST,2017,322890.76514835167
Estonia,EST,2018,343042.43693414575
Estonia,EST,2019,359203.07942180167
Estonia,EST,2020,376078.632570327
Estonia,EST,2021,384478.63363132684
Estonia,EST,2022,395428.4905775015
Estonia,EST,2023,400384.5919938669
Estonia,EST,2024,413872.4371656212
Estonia,EST,2025,425918.49314518063
Estonia,EST,2026,447013.9305565093
Estonia,EST,2027,465376.69990851876
Estonia,EST,2028,487583.0288407515
Estonia,EST,2029,499483.9326620658
Estonia,EST,2030,510246.74260943953
Ethiopia,ETH,2016,-2050299.927260878
Ethiopia,ETH,2017,-2134570.2041131933
Ethiopia,ETH,2018,-2224802.4057731368
Ethiopia,ETH,2019,-2317733.9357273784
Ethiopia,ETH,2020,-2413785.009017493
Ethiopia,ETH,2021,-2502221.676614892
Ethiopia,ETH,2022,-2585711.576093211
Ethiopia,ETH,2023,-2666800.5734483986
Ethiopia,ETH,2024,-2744801.0033760257
Ethiopia,ETH,2025,-2822939.661537164
Ethiopia,ETH,2026,-2904837.193526414
Ethiopia,ETH,2027,-2991905.5660136933
Ethiopia,ETH,2028,-3085928.855696723
Ethiopia,ETH,2029,-3184841.6247080434
Ethiopia,ETH,2030,-3284881.7821053583
Falkland Islands,FLK,2016,0.002199618723794763
Falkland Islands,FLK,2017,0.004517690145371189
Falkland Islands,FLK,2018,0.007408580163874986
Falkland Islands,FLK,2019,0.009749515487631795
Falkland Islands,FLK,2020,0.011878969675849256
Falkland Islands,FLK,2021,0.013435719273591553
Falkland Islands,FLK,2022,0.01357268896426877
Falkland Islands,FLK,2023,0.01297300505380471
Falkland Islands,FLK,2024,0.011824474692849234
Falkland Islands,FLK,2025,0.010329851948240137
Falkland Islands,FLK,2026,0.008351604833981023
Falkland Islands,FLK,2027,0.006067132331853108
Falkland Islands,FLK,2028,0.003717974272594956
Falkland Islands,FLK,2029,0.0013426671205255861
Falkland Islands,FLK,2030,-0.001061304736691462
Faroe Islands,,2016,0.002199618723794763
Faroe Islands,,2017,0.004517690145371189
Faroe Islands,,2018,0.007408580163874986
Faroe Islands,,2019,0.009749515487631795
Faroe Islands,,2020,0.011878969675849256
Faroe Islands,,2021,0.013435719273591553
Faroe Islands,,2022,0.01357268896426877
Faroe Islands,,2023,0.01297300505380471
Faroe Islands,,2024,0.011824474692849234
Faroe Islands,,2025,0.010329851948240137
Faroe Islands,,2026,0.008351604833981023
Faroe Islands,,2027,0.006067132331853108
Faroe Islands,,2028,0.003717974272594956
Faroe Islands,,2029,0.0013426671205255861
Faroe Islands,,2030,-0.001061304736691462
Finland,FIN,2016,471155.4994260808
Finland,FIN,2017,451801.6936982478
Finland,FIN,2018,421112.6685109783
Finland,FIN,2019,423931.1435481949
Finland,FIN,2020,436181.0479821297
Finland,FIN,2021,469798.880783507
Finland,FIN,2022,495748.36566779553
Finland,FIN,2023,518041.5256302854
Finland,FIN,2024,518961.30131127243
Finland,FIN,2025,514582.6635983183
Finland,FIN,2026,502722.20322193345
Finland,FIN,2027,505849.03011280805
Finland,FIN,2028,517471.9405160906
Finland,FIN,2029,540734.5540838407
Finland,FIN,2030,564501.5666137433
French Guyana,,2016,-113664.39415165168
French Guyana,,2017,-118137.36678322771
French Guyana,,2018,-123479.59251806361
French Guyana,,2019,-128561.0441256814
French Guyana,,2020,-133152.34757583996
French Guyana,,2021,-137606.18440570773
French Guyana,,2022,-141731.89055518407
French Guyana,,2023,-145715.2018947915
French Guyana,,2024,-149854.53591229115
French Guyana,,2025,-154301.46365024822
French Guyana,,2026,-159122.63025510966
French Guyana,,2027,-164279.09305233037
French Guyana,,2028,-169625.7931057739
French Guyana,,2029,-175033.20129201224
French Guyana,,2030,-180394.362219273
Gabon,GAB,2016,-211092.66013307907
Gabon,GAB,2017,-214367.0896530578
Gabon,GAB,2018,-219911.9826873609
Gabon,GAB,2019,-225154.30892189307
Gabon,GAB,2020,-232731.22218036157
Gabon,GAB,2021,-241907.06858141843
Gabon,GAB,2022,-252176.12246749847
Gabon,GAB,2023,-263476.56353452307
Gabon,GAB,2024,-275334.9643459334
Gabon,GAB,2025,-287119.6936098138
Gabon,GAB,2026,-298400.1494798525
Gabon,GAB,2027,-309204.38595033815
Gabon,GAB,2028,-319064.4728755583
Gabon,GAB,2029,-328501.39043011656
Gabon,GAB,2030,-337841.77806592826
Georgia,GEO,2016,117733.31997748699
Georgia,GEO,2017,126712.54948264873
Georgia,GEO,2018,134480.7049619864
Georgia,GEO,2019,137166.90088873438
Georgia,GEO,2020,139462.78946004092
Georgia,GEO,2021,140970.81361967375
Georgia,GEO,2022,144751.07732689392
Georgia,GEO,2023,149047.1838438329
Georgia,GEO,2024,154370.95674407773
Georgia,GEO,2025,159094.4921607174
Georgia,GEO,2026,163559.1498858033
Georgia,GEO,2027,167138.88460045974
Georgia,GEO,2028,170559.2317598817
Georgia,GEO,2029,173805.8601332208
Georgia,GEO,2030,177603.96513223788
Germany,DEU,2016,117996.62436321416
Germany,DEU,2017,126305.22090467857
Germany,DEU,2018,134185.84585789574
Germany,DEU,2019,137310.70961278325
Germany,DEU,2020,140419.8199620593
Germany,DEU,2021,142099.4360795078
Germany,DEU,2022,145962.5731909765
Germany,DEU,2023,150228.1293938849
Germany,DEU,2024,156090.50406329206
Germany,DEU,2025,161334.97227966337
Germany,DEU,2026,166774.44880272026
Germany,DEU,2027,170813.5094932168
Germany,DEU,2028,174781.56599635442
Germany,DEU,2029,177779.49273761353
Germany,DEU,2030,181394.80018674914
Gibraltar,GIB,2016,0.002199618723794763
Gibraltar,GIB,2017,0.004517690145371189
Gibraltar,GIB,2018,0.007408580163874986
Gibraltar,GIB,2019,0.009749515487631795
Gibraltar,GIB,2020,0.011878969675849256
Gibraltar,GIB,2021,0.013435719273591553
Gibraltar,GIB,2022,0.01357268896426877
Gibraltar,GIB,2023,0.01297300505380471
Gibraltar,GIB,2024,0.011824474692849234
Gibraltar,GIB,2025,0.010329851948240137
Gibraltar,GIB,2026,0.008351604833981023
Gibraltar,GIB,2027,0.006067132331853108
Gibraltar,GIB,2028,0.003717974272594956
Gibraltar,GIB,2029,0.0013426671205255861
Gibraltar,GIB,2030,-0.001061304736691462
Greenland,GRL,2016,0.002199618723794763
Greenland,GRL,2017,0.004517690145371189
Greenland,GRL,2018,0.007408580163874986
Greenland,GRL,2019,0.009749515487631795
Greenland,GRL,2020,0.011878969675849256
Greenland,GRL,2021,0.013435719273591553
Greenland,GRL,2022,0.01357268896426877
Greenland,GRL,2023,0.01297300505380471
Greenland,GRL,2024,0.011824474692849234
Greenland,GRL,2025,0.010329851948240137
Greenland,GRL,2026,0.008351604833981023
Greenland,GRL,2027,0.006067132331853108
Greenland,GRL,2028,0.003717974272594956
Greenland,GRL,2029,0.0013426671205255861
Greenland,GRL,2030,-0.001061304736691462
Guadeloupe,GLP,2016,-672.1391652510628
Guadeloupe,GLP,2017,-747.0167553806639
Guadeloupe,GLP,2018,-781.8368951143617
Guadeloupe,GLP,2019,-801.0953882896463
Guadeloupe,GLP,2020,-798.4839342222284
Guadeloupe,GLP,2021,-802.1515306223439
Guadeloupe,GLP,2022,-806.1463961391648
Guadeloupe,GLP,2023,-812.6744397860925
Guadeloupe,GLP,2024,-819.3463828161803
Guadeloupe,GLP,2025,-826.5923821401876
Guadeloupe,GLP,2026,-834.7009279342412
Guadeloupe,GLP,2027,-842.5064915074208
Guadeloupe,GLP,2028,-850.3366588140887
Guadeloupe,GLP,2029,-858.1254341466818
Guadeloupe,GLP,2030,-865.0978903553528
Guatemala,GTM,2016,-1207751.9403074272
Guatemala,GTM,2017,-1262783.7090705726
Guatemala,GTM,2018,-1318797.6763071772
Guatemala,GTM,2019,-1372301.8834502646
Guatemala,GTM,2020,-1407808.285278977
Guatemala,GTM,2021,-1449799.7586378907
Guatemala,GTM,2022,-1488799.1556051294
Guatemala,GTM,2023,-1533053.2638852992
Guatemala,GTM,2024,-1578401.3384582626
Guatemala,GTM,2025,-1625580.5506452294
Guatemala,GTM,2026,-1672779.842873954
Guatemala,GTM,2027,-1720084.6414662763
Guatemala,GTM,2028,-1767661.8330499246
Guatemala,GTM,2029,-1815360.7173428978
Guatemala,GTM,2030,-1863302.5586026465
Guinea,GIN,2016,-974594.6229582442
Guinea,GIN,2017,-1014651.8641469474
Guinea,GIN,2018,-1057543.0613743288
Guinea,GIN,2019,-1101717.3639690306
Guinea,GIN,2020,-1147374.5179849963
Guinea,GIN,2021,-1189412.2216237893
Guinea,GIN,2022,-1229098.5163073544
Guinea,GIN,2023,-1267643.560255662
Guinea,GIN,2024,-1304720.4769473136
Guinea,GIN,2025,-1341863.0993883118
Guinea,GIN,2026,-1380792.4741831939
Guinea,GIN,2027,-1422179.7690504142
Guinea,GIN,2028,-1466873.0314065581
Guinea,GIN,2029,-1513890.4709228685
Guinea,GIN,2030,-1561443.8060144582
Guyana,GUY,2016,-180402.4006774989
Guyana,GUY,2017,-182415.7939497151
Guyana,GUY,2018,-186776.4216173977
Guyana,GUY,2019,-192193.76900717858
Guyana,GUY,2020,-199148.42247481036
Guyana,GUY,2021,-207660.99109318844
Guyana,GUY,2022,-216835.03588507423
Guyana,GUY,2023,-226382.89868969668
Guyana,GUY,2024,-236186.76958790107
Guyana,GUY,2025,-245826.55519524796
Guyana,GUY,2026,-255343.03728635353
Guyana,GUY,2027,-264471.9979897597
Guyana,GUY,2028,-273447.1314651865
Guyana,GUY,2029,-282363.1808977276
Guyana,GUY,2030,-291343.7041021517
Honduras,HND,2016,-590180.9920242205
Honduras,HND,2017,-614099.6907159805
Honduras,HND,2018,-639326.6340698077
Honduras,HND,2019,-666308.6362215034
Honduras,HND,2020,-693447.7742780433
Honduras,HND,2021,-719663.778519325
Honduras,HND,2022,-744916.2796253117
Honduras,HND,2023,-769046.944147914
Honduras,HND,2024,-792484.9361944749
Honduras,HND,2025,-815715.3167495423
Honduras,HND,2026,-839314.9639652343
Honduras,HND,2027,-864115.1073428083
Honduras,HND,2028,-890138.2603786405
Honduras,HND,2029,-917797.0977706907
Honduras,HND,2030,-946184.2815397659
Hungary,HUN,2016,242349.50650498454
Hungary,HUN,2017,261098.8718490366
Hungary,HUN,2018,278167.2463190596
Hungary,HUN,2019,284981.2626049777
Hungary,HUN,2020,290898.4652652556
Hungary,HUN,2021,294474.4554277512
Hungary,HUN,2022,302376.5625756283
Hungary,HUN,2023,311376.9070058071
Hungary,HUN,2024,323083.41867017053
Hungary,HUN,2025,333697.2054633689
Hungary,HUN,2026,344123.2986931477
Hungary,HUN,2027,352435.06056336145
Hungary,HUN,2028,360312.08321535436
Hungary,HUN,2029,367209.459430157
Hungary,HUN,2030,375150.4433070971
Iceland,ISL,2016,32813.58686615362
Iceland,ISL,2017,34944.03045690857
Iceland,ISL,2018,37076.11271098574
Iceland,ISL,2019,38056.36379275201
Iceland,ISL,2020,39202.02529033829
Iceland,ISL,2021,39512.44989902697
Iceland,ISL,2022,40575.84016149425
Iceland,ISL,2023,41472.8900185568
Iceland,ISL,2024,43339.25361281586
Iceland,ISL,2025,45066.73938759764
Iceland,ISL,2026,47048.601583543634
Iceland,ISL,2027,48403.459151925
Iceland,ISL,2028,49614.99276352109
Iceland,ISL,2029,50177.16102880216
Iceland,ISL,2030,50796.77283207218
India,IND,2016,7245045.501846302
India,IND,2017,7488986.733678479
India,IND,2018,7706444.313825835
India,IND,2019,8076784.5657550385
India,IND,2020,8420643.25681944
India,IND,2021,8892192.785397328
India,IND,2022,9117106.535012439
India,IND,2023,9393393.997642234
India,IND,2024,9347424.91781772
India,IND,2025,9426828.930536062
India,IND,2026,9297607.481107526
India,IND,2027,9579135.902967894
India,IND,2028,9894882.971859291
India,IND,2029,10752398.360948166
India,IND,2030,11193257.827311952
Indonesia,IDN,2016,-18362862.429854855
Indonesia,IDN,2017,-18836641.426458977
Indonesia,IDN,2018,-19287543.52042032
Indonesia,IDN,2019,-19733505.949614555
Indonesia,IDN,2020,-20205511.915436815
Indonesia,IDN,2021,-20697646.70004684
Indonesia,IDN,2022,-21224664.88350167
Indonesia,IDN,2023,-21777974.053488534
Indonesia,IDN,2024,-22344682.60623409
Indonesia,IDN,2025,-22908712.760153394
Indonesia,IDN,2026,-23466253.244019162
Indonesia,IDN,2027,-23999342.298876576
Indonesia,IDN,2028,-24531023.130715027
Indonesia,IDN,2029,-25062433.13995196
Indonesia,IDN,2030,-25602898.819787875
Iraq,IRQ,2016,18339.29513302402
Iraq,IRQ,2017,19622.700626003705
Iraq,IRQ,2018,20729.605158964525
Iraq,IRQ,2019,21057.800038976573
Iraq,IRQ,2020,21336.814052990238
Iraq,IRQ,2021,21478.825463994533
Iraq,IRQ,2022,21994.297206049458
Iraq,IRQ,2023,22590.676637211902
Iraq,IRQ,2024,23354.75042924039
Iraq,IRQ,2025,24018.542817219433
Iraq,IRQ,2026,24641.020341792333
Iraq,IRQ,2027,25106.87232903301
Iraq,IRQ,2028,25543.50805171347
Iraq,IRQ,2029,25943.157626284832
Iraq,IRQ,2030,26443.127400448484
Ireland,IRL,2016,284855.0207534865
Ireland,IRL,2017,301990.700606305
Ireland,IRL,2018,319411.8444951784
Ireland,IRL,2019,329048.3568564848
Ireland,IRL,2020,339507.7761642802
Ireland,IRL,2021,341974.1812060061
Ireland,IRL,2022,348704.9242417587
Ireland,IRL,2023,352818.8897233372
Ireland,IRL,2024,365866.88725095004
Ireland,IRL,2025,379316.1002323507
Ireland,IRL,2026,399221.585088801
Ireland,IRL,2027,412768.14997616236
Ireland,IRL,2028,425709.20492781315
Ireland,IRL,2029,427745.18599889363
Ireland,IRL,2030,428630.4194113699
Isle of Man,IMN,2016,0.002199618723794763
Isle of Man,IMN,2017,0.004517690145371189
Isle of Man,IMN,2018,0.007408580163874986
Isle of Man,IMN,2019,0.009749515487631795
Isle of Man,IMN,2020,0.011878969675849256
Isle of Man,IMN,2021,0.013435719273591553
Isle of Man,IMN,2022,0.01357268896426877
Isle of Man,IMN,2023,0.01297300505380471
Isle of Man,IMN,2024,0.011824474692849234
Isle of Man,IMN,2025,0.010329851948240137
Isle of Man,IMN,2026,0.008351604833981023
Isle of Man,IMN,2027,0.006067132331853108
Isle of Man,IMN,2028,0.003717974272594956
Isle of Man,IMN,2029,0.0013426671205255861
Isle of Man,IMN,2030,-0.001061304736691462
Italy,ITA,2016,1501536.2864911794
Italy,ITA,2017,1566040.0071025847
Italy,ITA,2018,1633690.9852467827
Italy,ITA,2019,1721976.7868575566
Italy,ITA,2020,1786121.6092508612
Italy,ITA,2021,1859424.8010198972
Italy,ITA,2022,1892844.6868608166
Italy,ITA,2023,1943818.7671174128
Italy,ITA,2024,1962703.9726859424
Italy,ITA,2025,2027533.9763802155
Italy,ITA,2026,2081183.197419755
Italy,ITA,2027,2193850.5187111823
Italy,ITA,2028,2272568.1610003207
Italy,ITA,2029,2377166.7032299256
Italy,ITA,2030,2416336.5687166294
Jamaica,JAM,2016,78161.49536224661
Jamaica,JAM,2017,81847.85339127186
Jamaica,JAM,2018,83203.467210784
Jamaica,JAM,2019,88575.24566388415
Jamaica,JAM,2020,91904.69510231435
Jamaica,JAM,2021,98078.59329678098
Jamaica,JAM,2022,100864.35679262353
Jamaica,JAM,2023,105849.90513590546
Jamaica,JAM,2024,106952.29885123091
Jamaica,JAM,2025,110845.54283710598
Jamaica,JAM,2026,111569.15011789944
Jamaica,JAM,2027,116402.60397171257
Jamaica,JAM,2028,119086.58634228303
Jamaica,JAM,2029,127263.27349061772
Jamaica,JAM,2030,130483.2309727842
Kuwait,KWT,2016,2667.0978635676393
Kuwait,KWT,2017,2870.510829703994
Kuwait,KWT,2018,3046.488461921984
Kuwait,KWT,2019,3107.340796832138
Kuwait,KWT,2020,3159.351217541336
Kuwait,KWT,2021,3193.513577144683
Kuwait,KWT,2022,3279.1506190558193
Kuwait,KWT,2023,3376.473420410426
Kuwait,KWT,2024,3497.0766899952678
Kuwait,KWT,2025,3604.0823466828815
Kuwait,KWT,2026,3705.2234601961572
Kuwait,KWT,2027,3786.317774120418
Kuwait,KWT,2028,3863.801366728694
Kuwait,KWT,2029,3937.3495823059566
Kuwait,KWT,2030,4023.3907958759137
Kyrgyzstan,KGZ,2016,149258.85672708345
Kyrgyzstan,KGZ,2017,151544.24531154224
Kyrgyzstan,KGZ,2018,145665.99110360382
Kyrgyzstan,KGZ,2019,149858.7974031145
Kyrgyzstan,KGZ,2020,152013.76731578243
Kyrgyzstan,KGZ,2021,164113.37360998587
Kyrgyzstan,KGZ,2022,175582.30942880042
Kyrgyzstan,KGZ,2023,190864.48172756468
Kyrgyzstan,KGZ,2024,197386.3159793337
Kyrgyzstan,KGZ,2025,202954.98712895502
Kyrgyzstan,KGZ,2026,198187.72407083152
Kyrgyzstan,KGZ,2027,194801.1989850779
Kyrgyzstan,KGZ,2028,187691.4273488475
Kyrgyzstan,KGZ,2029,193273.97792547639
Kyrgyzstan,KGZ,2030,201875.3436228083
Latvia,LVA,2016,283735.81709989376
Latvia,LVA,2017,303225.9964418621
Latvia,LVA,2018,321560.0464559071
Latvia,LVA,2019,328501.2602702387
Latvia,LVA,2020,335816.52414820436
Latvia,LVA,2021,338748.23387824686
Latvia,LVA,2022,347611.5468234499
Latvia,LVA,2023,357315.13134279003
Latvia,LVA,2024,372174.8056497469
Latvia,LVA,2025,385359.3509279976
Latvia,LVA,2026,399832.9219223562
Latvia,LVA,2027,409718.58111021837
Latvia,LVA,2028,419514.3760843432
Latvia,LVA,2029,425189.0140052015
Latvia,LVA,2030,432430.1985378046
Liberia,LBR,2016,-849891.4493001925
Liberia,LBR,2017,-884823.2106365084
Liberia,LBR,2018,-922226.3123108894
Liberia,LBR,2019,-960748.3410289115
Liberia,LBR,2020,-1000563.4845598534
Liberia,LBR,2021,-1037222.3004707799
Liberia,LBR,2022,-1071830.5793504275
Liberia,LBR,2023,-1105443.6349664293
Liberia,LBR,2024,-1137776.4159199933
Liberia,LBR,2025,-1170166.4953166526
Liberia,LBR,2026,-1204114.7051521945
Liberia,LBR,2027,-1240206.3346243158
Liberia,LBR,2028,-1279180.9201833315
Liberia,LBR,2029,-1320182.2953926786
Liberia,LBR,2030,-1361650.996253538
Liechtenstein,LIE,2016,0.002199618723794763
Liechtenstein,LIE,2017,0.004517690145371189
Liechtenstein,LIE,2018,0.007408580163874986
Liechtenstein,LIE,2019,0.009749515487631795
Liechtenstein,LIE,2020,0.011878969675849256
Liechtenstein,LIE,2021,0.013435719273591553
Liechtenstein,LIE,2022,0.01357268896426877
Liechtenstein,LIE,2023,0.01297300505380471
Liechtenstein,LIE,2024,0.011824474692849234
Liechtenstein,LIE,2025,0.010329851948240137
Liechtenstein,LIE,2026,0.008351604833981023
Liechtenstein,LIE,2027,0.006067132331853108
Liechtenstein,LIE,2028,0.003717974272594956
Liechtenstein,LIE,2029,0.0013426671205255861
Liechtenstein,LIE,2030,-0.001061304736691462
Lithuania,LTU,2016,314783.50395303225
Lithuania,LTU,2017,336749.3062180449
Lithuania,LTU,2018,357006.2046516759
Lithuania,LTU,2019,364423.5836055953
Lithuania,LTU,2020,371818.28469740215
Lithuania,LTU,2021,375621.80968565575
Lithuania,LTU,2022,385781.8310285485
Lithuania,LTU,2023,397251.51471288234
Lithuania,LTU,2024,413034.9937959933
Lithuania,LTU,2025,426981.19717581134
Lithuania,LTU,2026,441327.57562543405
Lithuania,LTU,2027,451631.23780754814
Lithuania,LTU,2028,461679.3405324224
Lithuania,LTU,2029,468952.4739414935
Lithuania,LTU,2030,478068.946043763
Madagascar,MDG,2016,-1878973.4949829176
Madagascar,MDG,2017,-1956202.0089749512
Madagascar,MDG,2018,-2038894.2595372875
Madagascar,MDG,2019,-2124060.2780843917
Madagascar,MDG,2020,-2212085.165798227
Madagascar,MDG,2021,-2293131.9200758263
Madagascar,MDG,2022,-2369645.2663100474
Madagascar,MDG,2023,-2443958.333749241
Madagascar,MDG,2024,-2515440.9195322124
Madagascar,MDG,2025,-2587050.182970282
Madagascar,MDG,2026,-2662104.2225604323
Madagascar,MDG,2027,-2741897.018716594
Madagascar,MDG,2028,-2828063.567754898
Madagascar,MDG,2029,-2918711.0231913207
Madagascar,MDG,2030,-3010391.660586953
Malawi,MWI,2016,-1179624.615684338
Malawi,MWI,2017,-1228108.8845582728
Malawi,MWI,2018,-1280023.3019516624
Malawi,MWI,2019,-1333490.7575417866
Malawi,MWI,2020,-1388753.0188867801
Malawi,MWI,2021,-1439634.3892852985
Malawi,MWI,2022,-1487669.6739166752
Malawi,MWI,2023,-1534323.6176004778
Malawi,MWI,2024,-1579200.5772848646
Malawi,MWI,2025,-1624157.0655419515
Malawi,MWI,2026,-1671276.193535753
Malawi,MWI,2027,-1721370.3256517127
Malawi,MWI,2028,-1775465.916976185
Malawi,MWI,2029,-1832374.633393657
Malawi,MWI,2030,-1889931.9842249837
Maldives,MDV,2016,0.002199618723794763
Maldives,MDV,2017,0.004517690145371189
Maldives,MDV,2018,0.007408580163874986
Maldives,MDV,2019,0.009749515487631795
Maldives,MDV,2020,0.011878969675849256
Maldives,MDV,2021,0.013435719273591553
Maldives,MDV,2022,0.01357268896426877
Maldives,MDV,2023,0.01297300505380471
Maldives,MDV,2024,0.011824474692849234
Maldives,MDV,2025,0.010329851948240137
Maldives,MDV,2026,0.008351604833981023
Maldives,MDV,2027,0.006067132331853108
Maldives,MDV,2028,0.003717974272594956
Maldives,MDV,2029,0.0013426671205255861
Maldives,MDV,2030,-0.001061304736691462
Mali,MLI,2016,-2074415.579800364
Mali,MLI,2017,-2170907.2381811636
Mali,MLI,2018,-2266390.315485192
Mali,MLI,2019,-2364889.916493566
Mali,MLI,2020,-2433488.0762097365
Mali,MLI,2021,-2512932.4001679085
Mali,MLI,2022,-2587078.7747438573
Mali,MLI,2023,-2669430.5371160153
Mali,MLI,2024,-2752103.1967697726
Mali,MLI,2025,-2837899.3542098464
Mali,MLI,2026,-2923827.063704621
Mali,MLI,2027,-3009875.326426314
Mali,MLI,2028,-3099259.133769938
Mali,MLI,2029,-3190341.2286669305
Mali,MLI,2030,-3281148.014869175
Martinique,MTQ,2016,4204.165762964673
Martinique,MTQ,2017,4384.537280024032
Martinique,MTQ,2018,4420.991349116732
Martinique,MTQ,2019,4667.385018554389
Martinique,MTQ,2020,4840.546980143025
Martinique,MTQ,2021,5192.129868138709
Martinique,MTQ,2022,5351.918323663859
Martinique,MTQ,2023,5586.874115621966
Martinique,MTQ,2024,5578.609779796705
Martinique,MTQ,2025,5682.890654296583
Martinique,MTQ,2026,5623.593477657726
Martinique,MTQ,2027,5811.385242556164
Martinique,MTQ,2028,5966.809289179304
Martinique,MTQ,2029,6422.858752655176
Martinique,MTQ,2030,6732.517730634354
Mauritania,MRT,2016,-152805.5314229763
Mauritania,MRT,2017,-159091.5950100598
Mauritania,MRT,2018,-165802.63653978516
Mauritania,MRT,2019,-172739.55254254135
Mauritania,MRT,2020,-179879.00074211354
Mauritania,MRT,2021,-186496.1500244321
Mauritania,MRT,2022,-192750.1958810883
Mauritania,MRT,2023,-198812.26098567998
Mauritania,MRT,2024,-204650.004609477
Mauritania,MRT,2025,-210491.8178889993
Mauritania,MRT,2026,-216589.48083492927
Mauritania,MRT,2027,-223060.77831445486
Mauritania,MRT,2028,-230036.60423175961
Mauritania,MRT,2029,-237381.8661182487
Mauritania,MRT,2030,-244827.29913174384
Mauritius,MUS,2016,-3529.6155778685784
Mauritius,MUS,2017,-3805.954126533985
Mauritius,MUS,2018,-4054.7326656296937
Mauritius,MUS,2019,-4278.386631721271
Mauritius,MUS,2020,-4427.161542489202
Mauritius,MUS,2021,-4596.092130665947
Mauritius,MUS,2022,-4757.491232068661
Mauritius,MUS,2023,-4935.995203502823
Mauritius,MUS,2024,-5117.104782066997
Mauritius,MUS,2025,-5297.463771294497
Mauritius,MUS,2026,-5476.031865544226
Mauritius,MUS,2027,-5653.561591802454
Mauritius,MUS,2028,-5832.211532955839
Mauritius,MUS,2029,-6011.900522113408
Mauritius,MUS,2030,-6194.518031099904
Mayotte,MYT,2016,-4431.8749413115165
Mayotte,MYT,2017,-4627.696283113094
Mayotte,MYT,2018,-4817.741638169135
Mayotte,MYT,2019,-4990.016545458662
Mayotte,MYT,2020,-5091.369619068113
Mayotte,MYT,2021,-5215.945405409562
Mayotte,MYT,2022,-5327.5583029669715
Mayotte,MYT,2023,-5465.789273281278
Mayotte,MYT,2024,-5603.855779342683
Mayotte,MYT,2025,-5753.937839179543
Mayotte,MYT,2026,-5900.814940409225
Mayotte,MYT,2027,-6045.893986992327
Mayotte,MYT,2028,-6186.312444421079
Mayotte,MYT,2029,-6327.037647929093
Mayotte,MYT,2030,-6471.442563069693
Mexico,MEX,2016,-4404598.879858316
Mexico,MEX,2017,-4574832.474119013
Mexico,MEX,2018,-4775714.972891117
Mexico,MEX,2019,-4964528.501132903
Mexico,MEX,2020,-5134690.314332667
Mexico,MEX,2021,-5297362.16055918
Mexico,MEX,2022,-5446167.396778427
Mexico,MEX,2023,-5589514.851453267
Mexico,MEX,2024,-5740366.015904525
Mexico,MEX,2025,-5903690.375791156
Mexico,MEX,2026,-6082181.198122378
Mexico,MEX,2027,-6273860.8153243065
Mexico,MEX,2028,-6472774.24385581
Mexico,MEX,2029,-6673438.7979642525
Mexico,MEX,2030,-6871994.9736559875
Moldova,MDA,2016,73970.08108173942
Moldova,MDA,2017,78769.09918915296
Moldova,MDA,2018,83831.17973482216
Moldova,MDA,2019,86153.36003835742
Moldova,MDA,2020,88895.91266874327
Moldova,MDA,2021,89877.19512337988
Moldova,MDA,2022,92465.28222143756
Moldova,MDA,2023,94659.62303207997
Moldova,MDA,2024,98667.90466831982
Moldova,MDA,2025,102111.86002336729
Moldova,MDA,2026,106284.291628888
Moldova,MDA,2027,109171.75449348941
Moldova,MDA,2028,112326.49344047453
Moldova,MDA,2029,114053.92642420511
Moldova,MDA,2030,116304.48409850162
Monaco,MCO,2016,0.002199618723794763
Monaco,MCO,2017,0.004517690145371189
Monaco,MCO,2018,0.007408580163874986
Monaco,MCO,2019,0.009749515487631795
Monaco,MCO,2020,0.011878969675849256
Monaco,MCO,2021,0.013435719273591553
Monaco,MCO,2022,0.01357268896426877
Monaco,MCO,2023,0.01297300505380471
Monaco,MCO,2024,0.011824474692849234
Monaco,MCO,2025,0.010329851948240137
Monaco,MCO,2026,0.008351604833981023
Monaco,MCO,2027,0.006067132331853108
Monaco,MCO,2028,0.003717974272594956
Monaco,MCO,2029,0.0013426671205255861
Monaco,MCO,2030,-0.001061304736691462
Mongolia,MNG,2016,-168813.22848871647
Mongolia,MNG,2017,-177281.01751029235
Mongolia,MNG,2018,-185669.42991366377
Mongolia,MNG,2019,-193042.72440558986
Mongolia,MNG,2020,-197480.9320511135
Mongolia,MNG,2021,-202964.67067846528
Mongolia,MNG,2022,-207985.1083606569
Mongolia,MNG,2023,-214067.78311984643
Mongolia,MNG,2024,-220139.48364495696
Mongolia,MNG,2025,-226516.91217837576
Mongolia,MNG,2026,-232705.49514691817
Mongolia,MNG,2027,-238791.6928512741
Mongolia,MNG,2028,-244832.6812749632
Mongolia,MNG,2029,-250897.7187819143
Mongolia,MNG,2030,-257031.0877048694
Montenegro,MNE,2016,0.002199618723794763
Montenegro,MNE,2017,0.004517690145371189
Montenegro,MNE,2018,0.007408580163874986
Montenegro,MNE,2019,0.009749515487631795
Montenegro,MNE,2020,0.011878969675849256
Montenegro,MNE,2021,0.013435719273591553
Montenegro,MNE,2022,0.01357268896426877
Montenegro,MNE,2023,0.01297300505380471
Montenegro,MNE,2024,0.011824474692849234
Montenegro,MNE,2025,0.010329851948240137
Montenegro,MNE,2026,0.008351604833981023
Montenegro,MNE,2027,0.006067132331853108
Montenegro,MNE,2028,0.003717974272594956
Montenegro,MNE,2029,0.0013426671205255861
Montenegro,MNE,2030,-0.001061304736691462
Morocco,MAR,2016,250628.89822575267
Morocco,MAR,2017,265941.40321366605
Morocco,MAR,2018,282534.01237798814
Morocco,MAR,2019,291203.35541639104
Morocco,MAR,2020,302686.48451627983
Morocco,MAR,2021,306639.0563541382
Morocco,MAR,2022,316787.3401016738
Morocco,MAR,2023,323874.82158089784
Morocco,MAR,2024,339688.5041830327
Morocco,MAR,2025,353838.04292250756
Morocco,MAR,2026,372188.56589293515
Morocco,MAR,2027,385456.01757222606
Morocco,MAR,2028,398991.4416806564
Morocco,MAR,2029,404015.5722192654
Morocco,MAR,2030,409534.1216430259
Mozambique,MOZ,2016,-6124462.079211252
Mozambique,MOZ,2017,-6384042.809872346
Mozambique,MOZ,2018,-6640484.592441803
Mozambique,MOZ,2019,-6925591.906025626
Mozambique,MOZ,2020,-7196873.442833113
Mozambique,MOZ,2021,-7457377.1669235295
Mozambique,MOZ,2022,-7712471.81449776
Mozambique,MOZ,2023,-7955160.066230046
Mozambique,MOZ,2024,-8195547.122749876
Mozambique,MOZ,2025,-8437579.00477523
Mozambique,MOZ,2026,-8686148.347940508
Mozambique,MOZ,2027,-8950949.238607947
Mozambique,MOZ,2028,-9227830.620023798
Mozambique,MOZ,2029,-9520246.183095867
Mozambique,MOZ,2030,-9814184.895248463
Myanmar,MMR,2016,-9791812.499946771
Myanmar,MMR,2017,-10181058.4210631
Myanmar,MMR,2018,-10638084.970865224
Myanmar,MMR,2019,-11076745.353613198
Myanmar,MMR,2020,-11479505.739694724
Myanmar,MMR,2021,-11868682.194740266
Myanmar,MMR,2022,-12225973.659133011
Myanmar,MMR,2023,-12565595.614738055
Myanmar,MMR,2024,-12907378.67679749
Myanmar,MMR,2025,-13269794.80885074
Myanmar,MMR,2026,-13665412.405343171
Myanmar,MMR,2027,-14092029.651026607
Myanmar,MMR,2028,-14543236.457864488
Myanmar,MMR,2029,-15004961.517481599
Myanmar,MMR,2030,-15467333.508901734
Nauru,NRU,2016,0.002199618723794763
Nauru,NRU,2017,0.004517690145371189
Nauru,NRU,2018,0.007408580163874986
Nauru,NRU,2019,0.009749515487631795
Nauru,NRU,2020,0.011878969675849256
Nauru,NRU,2021,0.013435719273591553
Nauru,NRU,2022,0.01357268896426877
Nauru,NRU,2023,0.01297300505380471
Nauru,NRU,2024,0.011824474692849234
Nauru,NRU,2025,0.010329851948240137
Nauru,NRU,2026,0.008351604833981023
Nauru,NRU,2027,0.006067132331853108
Nauru,NRU,2028,0.003717974272594956
Nauru,NRU,2029,0.0013426671205255861
Nauru,NRU,2030,-0.001061304736691462
Nepal,NPL,2016,293564.0416747294
Nepal,NPL,2017,317167.8058232139
Nepal,NPL,2018,337602.22426701954
Nepal,NPL,2019,345259.1537658493
Nepal,NPL,2020,351750.72524239554
Nepal,NPL,2021,356520.3337022316
Nepal,NPL,2022,366663.63904455607
Nepal,NPL,2023,378147.73496527824
Nepal,NPL,2024,392078.23529147106
Nepal,NPL,2025,404606.43038055656
Nepal,NPL,2026,416487.97166924045
Nepal,NPL,2027,426359.64228123636
Nepal,NPL,2028,435866.68279184296
Nepal,NPL,2029,445024.30027329735
Nepal,NPL,2030,455417.29471275513
Netherlands,NLD,2016,17004.797753270963
Netherlands,NLD,2017,18521.184356244616
Netherlands,NLD,2018,19451.98693067803
Netherlands,NLD,2019,18904.812248734554
Netherlands,NLD,2020,18737.267815714822
Netherlands,NLD,2021,18696.98982132655
Netherlands,NLD,2022,19250.90103557324
Netherlands,NLD,2023,19640.200106477667
Netherlands,NLD,2024,20048.35220581184
Netherlands,NLD,2025,20294.60531414353
Netherlands,NLD,2026,20595.590188000653
Netherlands,NLD,2027,20874.92898415322
Netherlands,NLD,2028,21218.83397077094
Netherlands,NLD,2029,21550.536588024715
Netherlands,NLD,2030,21919.51089193462
New Zealand,NZL,2016,351596.7649118521
New Zealand,NZL,2017,363730.44452207163
New Zealand,NZL,2018,373018.63035068626
New Zealand,NZL,2019,375690.66284975456
New Zealand,NZL,2020,379794.6125143156
New Zealand,NZL,2021,383719.09222332557
New Zealand,NZL,2022,390601.8402013
New Zealand,NZL,2023,397263.49229192775
New Zealand,NZL,2024,404380.1645968738
New Zealand,NZL,2025,410491.08818273764
New Zealand,NZL,2026,416659.10196615994
New Zealand,NZL,2027,422283.6446826239
New Zealand,NZL,2028,428252.38444336905
New Zealand,NZL,2029,434343.15636759234
New Zealand,NZL,2030,441051.77369009046
Nicaragua,NIC,2016,-2741975.233830111
Nicaragua,NIC,2017,-2856273.104017509
Nicaragua,NIC,2018,-2988981.134006556
Nicaragua,NIC,2019,-3110101.2983520394
Nicaragua,NIC,2020,-3215532.9635795234
Nicaragua,NIC,2021,-3318122.6075450024
Nicaragua,NIC,2022,-3412229.7033829875
Nicaragua,NIC,2023,-3508523.602197795
Nicaragua,NIC,2024,-3611078.137125485
Nicaragua,NIC,2025,-3722824.634083815
Nicaragua,NIC,2026,-3843680.0651547103
Nicaragua,NIC,2027,-3971206.0830364227
Nicaragua,NIC,2028,-4101434.379679363
Nicaragua,NIC,2029,-4231408.067244817
Nicaragua,NIC,2030,-4359653.867518625
Niger,NER,2016,-698930.4288289688
Niger,NER,2017,-723713.9268035737
Niger,NER,2018,-748871.7632033605
Niger,NER,2019,-771284.1363949387
Niger,NER,2020,-787354.9704075059
Niger,NER,2021,-806144.2065706922
Niger,NER,2022,-823971.7393721938
Niger,NER,2023,-845223.0055038925
Niger,NER,2024,-866246.7189276372
Niger,NER,2025,-888480.8865145328
Niger,NER,2026,-910185.6238526565
Niger,NER,2027,-931352.1791453776
Niger,NER,2028,-952019.8897378441
Niger,NER,2029,-972664.6523695025
Niger,NER,2030,-993854.8725424059
Nigeria,NGA,2016,-4586682.293277104
Nigeria,NGA,2017,-4775201.328104066
Nigeria,NGA,2018,-4977065.839370544
Nigeria,NGA,2019,-5184958.967314951
Nigeria,NGA,2020,-5399842.608851677
Nigeria,NGA,2021,-5597673.463645915
Nigeria,NGA,2022,-5784435.535486528
Nigeria,NGA,2023,-5965831.641377265
Nigeria,NGA,2024,-6140315.997930504
Nigeria,NGA,2025,-6315112.156570821
Nigeria,NGA,2026,-6498327.328273053
Nigeria,NGA,2027,-6693115.068485683
Nigeria,NGA,2028,-6903467.179231113
Nigeria,NGA,2029,-7124755.373279246
Nigeria,NGA,2030,-7348559.378811264
North Korea,PRK,2016,-769286.832100365
North Korea,PRK,2017,-799036.4871253794
North Korea,PRK,2018,-828781.1352940581
North Korea,PRK,2019,-857869.1423904141
North Korea,PRK,2020,-883507.6487078378
North Korea,PRK,2021,-909247.2400343183
North Korea,PRK,2022,-934250.6186945216
North Korea,PRK,2023,-960740.2373664365
North Korea,PRK,2024,-987673.5613154909
North Korea,PRK,2025,-1016441.0948358935
North Korea,PRK,2026,-1046734.7480999092
North Korea,PRK,2027,-1077933.1041247658
North Korea,PRK,2028,-1109403.7598597314
North Korea,PRK,2029,-1140994.7235667703
North Korea,PRK,2030,-1172024.5152049707
Norway,NOR,2016,49709.642660943035
Norway,NOR,2017,45548.686289543504
Norway,NOR,2018,37198.96540248806
Norway,NOR,2019,35864.634083263714
Norway,NOR,2020,35592.156933704915
Norway,NOR,2021,41380.563489661814
Norway,NOR,2022,47450.22918651717
Norway,NOR,2023,55576.940266071244
Norway,NOR,2024,59519.22301968879
Norway,NOR,2025,61704.60873556738
Norway,NOR,2026,59056.70397361179
Norway,NOR,2027,56459.41987462778
Norway,NOR,2028,53492.8820322092
Norway,NOR,2029,55201.572892968805
Norway,NOR,2030,58669.53283188875
Panama,PAN,2016,-356516.59125827474
Panama,PAN,2017,-370858.5580251783
Panama,PAN,2018,-386855.43868539564
Panama,PAN,2019,-402476.0111967821
Panama,PAN,2020,-418184.0729670732
Panama,PAN,2021,-433104.3360415938
Panama,PAN,2022,-446722.1559818571
Panama,PAN,2023,-459862.38081609615
Panama,PAN,2024,-472471.504858643
Panama,PAN,2025,-484938.9565793341
Panama,PAN,2026,-498393.5125738048
Panama,PAN,2027,-512720.43142133387
Panama,PAN,2028,-528469.726153461
Panama,PAN,2029,-545022.9595104663
Panama,PAN,2030,-562197.8545855115
Papua New Guinea,PNG,2016,-489783.90268129285
Papua New Guinea,PNG,2017,-486454.87398396386
Papua New Guinea,PNG,2018,-497384.3884797333
Papua New Guinea,PNG,2019,-510964.5452031807
Papua New Guinea,PNG,2020,-527842.743503323
Papua New Guinea,PNG,2021,-548459.3235119298
Papua New Guinea,PNG,2022,-572275.7559371602
Papua New Guinea,PNG,2023,-596449.8863174897
Papua New Guinea,PNG,2024,-621705.2931565046
Papua New Guinea,PNG,2025,-647223.5796725517
Papua New Guinea,PNG,2026,-673010.8827770317
Papua New Guinea,PNG,2027,-698601.2256629416
Papua New Guinea,PNG,2028,-723867.381398033
Papua New Guinea,PNG,2029,-748964.8968674955
Papua New Guinea,PNG,2030,-773895.0442357371
Paraguay,PRY,2016,-9367858.189749263
Paraguay,PRY,2017,-9739330.355434733
Paraguay,PRY,2018,-10161965.8514952
Paraguay,PRY,2019,-10622624.432451913
Paraguay,PRY,2020,-11066107.91373646
Paraguay,PRY,2021,-11503168.333450627
Paraguay,PRY,2022,-11925056.476470474
Paraguay,PRY,2023,-12324260.823842809
Paraguay,PRY,2024,-12716544.240079083
Paraguay,PRY,2025,-13104931.392228056
Paraguay,PRY,2026,-13500110.87211293
Paraguay,PRY,2027,-13914366.5526088
Paraguay,PRY,2028,-14348252.823947838
Paraguay,PRY,2029,-14806145.862546567
Paraguay,PRY,2030,-15283603.789211418
Peru,PER,2016,-3850685.1043353975
Peru,PER,2017,-3995097.8706349097
Peru,PER,2018,-4127795.275328502
Peru,PER,2019,-4260495.717173556
Peru,PER,2020,-4439791.67514888
Peru,PER,2021,-4618871.716993716
Peru,PER,2022,-4809551.345150837
Peru,PER,2023,-4992529.602738357
Peru,PER,2024,-5171706.665327397
Peru,PER,2025,-5345523.7051080875
Peru,PER,2026,-5511531.43622415
Peru,PER,2027,-5678539.17342631
Peru,PER,2028,-5842807.116123345
Peru,PER,2029,-6017634.406528979
Peru,PER,2030,-6199805.536815904
Poland,POL,2016,597072.285213702
Poland,POL,2017,634221.1977231435
Poland,POL,2018,674339.1078644402
Poland,POL,2019,698114.4707635244
Poland,POL,2020,724563.5009159956
Poland,POL,2021,734460.9053984708
Poland,POL,2022,752998.6616205394
Poland,POL,2023,766075.4378395263
Poland,POL,2024,797186.6654197101
Poland,POL,2025,828852.899102929
Poland,POL,2026,871238.7366219942
Poland,POL,2027,904518.7300455386
Poland,POL,2028,936555.3300947497
Poland,POL,2029,949194.4117094411
Poland,POL,2030,959688.8461448399
Portugal,PRT,2016,334852.91651912377
Portugal,PRT,2017,349237.6897459741
Portugal,PRT,2018,364324.3230433216
Portugal,PRT,2019,384012.6638597015
Portugal,PRT,2020,398317.40031611396
Portugal,PRT,2021,414664.516116681
Portugal,PRT,2022,422117.3804558533
Portugal,PRT,2023,433484.95085316227
Portugal,PRT,2024,437696.48155047244
Portugal,PRT,2025,452154.01814834244
Portugal,PRT,2026,464118.16333463544
Portugal,PRT,2027,489243.75068823417
Portugal,PRT,2028,506798.3261847899
Portugal,PRT,2029,530124.5203263127
Portugal,PRT,2030,538859.6696636202
Qatar,QAT,2016,0.002199618723794763
Qatar,QAT,2017,0.004517690145371189
Qatar,QAT,2018,0.007408580163874986
Qatar,QAT,2019,0.009749515487631795
Qatar,QAT,2020,0.011878969675849256
Qatar,QAT,2021,0.013435719273591553
Qatar,QAT,2022,0.01357268896426877
Qatar,QAT,2023,0.01297300505380471
Qatar,QAT,2024,0.011824474692849234
Qatar,QAT,2025,0.010329851948240137
Qatar,QAT,2026,0.008351604833981023
Qatar,QAT,2027,0.006067132331853108
Qatar,QAT,2028,0.003717974272594956
Qatar,QAT,2029,0.0013426671205255861
Qatar,QAT,2030,-0.001061304736691462
Romania,ROU,2016,786758.6991224762
Romania,ROU,2017,798288.3993888961
Romania,ROU,2018,814944.6448605142
Romania,ROU,2019,867419.280096728
Romania,ROU,2020,921359.6525117015
Romania,ROU,2021,983287.324889408
Romania,ROU,2022,1023842.5806925378
Romania,ROU,2023,1057490.2309586024
Romania,ROU,2024,1068887.5404164568
Romania,ROU,2025,1085210.505721509
Romania,ROU,2026,1097783.9084475047
Romania,ROU,2027,1135616.6292769948
Romania,ROU,2028,1184731.4307224154
Romania,ROU,2029,1259571.9392742119
Romania,ROU,2030,1326464.0882166543
Russia,RUS,2016,11037739.81322314
Russia,RUS,2017,11865386.95318401
Russia,RUS,2018,12576500.267703988
Russia,RUS,2019,12803397.232863998
Russia,RUS,2020,13002387.916159201
Russia,RUS,2021,13129881.016510325
Russia,RUS,2022,13485126.365043905
Russia,RUS,2023,13890085.833479965
Russia,RUS,2024,14393534.237518005
Russia,RUS,2025,14833862.607596092
Russia,RUS,2026,15248625.658053653
Russia,RUS,2027,15574188.599306237
Russia,RUS,2028,15884627.470221266
Russia,RUS,2029,16177020.84471789
Russia,RUS,2030,16526145.419231638
San Marino,SMR,2016,0.002199618723794763
San Marino,SMR,2017,0.004517690145371189
San Marino,SMR,2018,0.007408580163874986
San Marino,SMR,2019,0.009749515487631795
San Marino,SMR,2020,0.011878969675849256
San Marino,SMR,2021,0.013435719273591553
San Marino,SMR,2022,0.01357268896426877
San Marino,SMR,2023,0.01297300505380471
San Marino,SMR,2024,0.011824474692849234
San Marino,SMR,2025,0.010329851948240137
San Marino,SMR,2026,0.008351604833981023
San Marino,SMR,2027,0.006067132331853108
San Marino,SMR,2028,0.003717974272594956
San Marino,SMR,2029,0.0013426671205255861
San Marino,SMR,2030,-0.001061304736691462
Sao Tome and Principe,STP,2016,-6309.133586910555
Sao Tome and Principe,STP,2017,-5904.444649586576
Sao Tome and Principe,STP,2018,-5834.396370691142
Sao Tome and Principe,STP,2019,-6107.55484126539
Sao Tome and Principe,STP,2020,-6401.41829737246
Sao Tome and Principe,STP,2021,-6715.519945464731
Sao Tome and Principe,STP,2022,-6975.882553493881
Sao Tome and Principe,STP,2023,-7248.690382254009
Sao Tome and Principe,STP,2024,-7525.420478329534
Sao Tome and Principe,STP,2025,-7821.30240553267
Sao Tome and Principe,STP,2026,-8136.677448450953
Sao Tome and Principe,STP,2027,-8466.260123167038
Sao Tome and Principe,STP,2028,-8814.076894853428
Sao Tome and Principe,STP,2029,-9175.394745174337
Sao Tome and Principe,STP,2030,-9547.457094227015
Senegal,SEN,2016,-1123452.0149374558
Senegal,SEN,2017,-1169627.5091031082
Senegal,SEN,2018,-1219069.8113825202
Senegal,SEN,2019,-1269991.1976588327
Senegal,SEN,2020,-1322621.922749295
Senegal,SEN,2021,-1371080.3707478934
Senegal,SEN,2022,-1416828.2608730164
Senegal,SEN,2023,-1461260.5881909325
Senegal,SEN,2024,-1504000.5497951205
Senegal,SEN,2025,-1546816.252897115
Senegal,SEN,2026,-1591691.6128912154
Senegal,SEN,2027,-1639400.3101445048
Senegal,SEN,2028,-1690919.9209297094
Senegal,SEN,2029,-1745118.698470147
Senegal,SEN,2030,-1799935.2230714096
Serbia,SRB,2016,35251.83904481527
Serbia,SRB,2017,37257.44721487585
Serbia,SRB,2018,39550.06073780519
Serbia,SRB,2019,40944.58474118874
Serbia,SRB,2020,42505.705520233736
Serbia,SRB,2021,43066.31479826685
Serbia,SRB,2022,44114.57143081247
Serbia,SRB,2023,44790.955651470606
Serbia,SRB,2024,46534.25287012107
Serbia,SRB,2025,48303.48670511914
Serbia,SRB,2026,50797.272101248804
Serbia,SRB,2027,52695.502525746575
Serbia,SRB,2028,54578.76426862666
Serbia,SRB,2029,55249.966236538836
Serbia,SRB,2030,55853.35859485729
Singapore,SGP,2016,-297.81754971109706
Singapore,SGP,2017,-272.7434363488053
Singapore,SGP,2018,-208.9744680055975
Singapore,SGP,2019,34.710034028410014
Singapore,SGP,2020,626.259185685171
Singapore,SGP,2021,1138.4489454398715
Singapore,SGP,2022,1562.474314421359
Singapore,SGP,2023,1800.999070471861
Singapore,SGP,2024,1816.31171280043
Singapore,SGP,2025,1579.9830530655076
Singapore,SGP,2026,1301.8476441164505
Singapore,SGP,2027,1068.3691075024278
Singapore,SGP,2028,1025.923248053353
Singapore,SGP,2029,1001.9155077148572
Singapore,SGP,2030,980.5896610041465
Slovenia,SVN,2016,22598.972216458656
Slovenia,SVN,2017,25681.248824992283
Slovenia,SVN,2018,28910.284137101444
Slovenia,SVN,2019,30528.344000164834
Slovenia,SVN,2020,31814.244854464232
Slovenia,SVN,2021,31718.086259306703
Slovenia,SVN,2022,31877.331881967497
Slovenia,SVN,2023,31957.7221769139
Slovenia,SVN,2024,32928.686598836466
Slovenia,SVN,2025,33996.29563091231
Slovenia,SVN,2026,35454.56375561353
Slovenia,SVN,2027,36624.56294357754
Slovenia,SVN,2028,37788.94527464277
Slovenia,SVN,2029,38495.00094617036
Slovenia,SVN,2030,39122.41519795382
Somalia,SOM,2016,-2155623.5536612635
Somalia,SOM,2017,-2244222.7830916084
Somalia,SOM,2018,-2339090.2005902464
Somalia,SOM,2019,-2436795.610507912
Somalia,SOM,2020,-2537780.814275255
Somalia,SOM,2021,-2630760.4613725226
Somalia,SOM,2022,-2718539.2255500746
Somalia,SOM,2023,-2803793.75359131
Somalia,SOM,2024,-2885801.054919325
Somalia,SOM,2025,-2967953.6852462706
Somalia,SOM,2026,-3054058.2822349616
Somalia,SOM,2027,-3145599.3450897364
Somalia,SOM,2028,-3244452.5982838785
Somalia,SOM,2029,-3348446.50268962
Somalia,SOM,2030,-3453625.709268297
South Africa,ZAF,2016,-1022341.3335930954
South Africa,ZAF,2017,-1064361.033283839
South Africa,ZAF,2018,-1109353.528358112
South Africa,ZAF,2019,-1155691.989869552
South Africa,ZAF,2020,-1203585.9497018722
South Africa,ZAF,2021,-1247683.1373805911
South Africa,ZAF,2022,-1289313.7173944532
South Africa,ZAF,2023,-1329747.135253759
South Africa,ZAF,2024,-1368640.5003135728
South Africa,ZAF,2025,-1407602.7901363932
South Africa,ZAF,2026,-1448439.3677310278
South Africa,ZAF,2027,-1491854.282231524
South Africa,ZAF,2028,-1538737.12804606
South Africa,ZAF,2029,-1588058.0156078567
South Africa,ZAF,2030,-1637941.0529950042
South Korea,KOR,2016,-249627.87407756248
South Korea,KOR,2017,-259451.1412949519
South Korea,KOR,2018,-269631.99873657525
South Korea,KOR,2019,-281061.72805145226
South Korea,KOR,2020,-292873.45492097473
South Korea,KOR,2021,-304066.1731826852
South Korea,KOR,2022,-315158.7339654182
South Korea,KOR,2023,-325966.7976236072
South Korea,KOR,2024,-336467.7560244107
South Korea,KOR,2025,-346951.9343244879
South Korea,KOR,2026,-357488.896382925
South Korea,KOR,2027,-368490.9831746833
South Korea,KOR,2028,-379799.4170989621
South Korea,KOR,2029,-391702.4514631567
South Korea,KOR,2030,-404041.1011080268
Spain,ESP,2016,2781431.632753236
Spain,ESP,2017,2991227.0008706735
Spain,ESP,2018,3173618.838247432
Spain,ESP,2019,3236293.2933571846
Spain,ESP,2020,3290665.4021692406
Spain,ESP,2021,3326099.116600088
Spain,ESP,2022,3415756.406708571
Spain,ESP,2023,3517507.3029038627
Spain,ESP,2024,3644419.294798912
Spain,ESP,2025,3756665.602518595
Spain,ESP,2026,3863079.438588146
Spain,ESP,2027,3947898.8987460854
Spain,ESP,2028,4028617.0720825177
Spain,ESP,2029,4104430.010021091
Spain,ESP,2030,4193493.464333267
Sudan,SDN,2016,-4776917.967514059
Sudan,SDN,2017,-4973256.168706412
Sudan,SDN,2018,-5183484.837998471
Sudan,SDN,2019,-5400002.572445352
Sudan,SDN,2020,-5623788.415529997
Sudan,SDN,2021,-5829833.736420037
Sudan,SDN,2022,-6024353.765232103
Sudan,SDN,2023,-6213280.020987916
Sudan,SDN,2024,-6395010.337728916
Sudan,SDN,2025,-6577062.7073186
Sudan,SDN,2026,-6767872.738013483
Sudan,SDN,2027,-6970730.118734445
Sudan,SDN,2028,-7189791.503793096
Sudan,SDN,2029,-7420244.705895027
Sudan,SDN,2030,-7653324.568499591
Suriname,SUR,2016,-164913.1107815193
Suriname,SUR,2017,-165304.6360132631
Suriname,SUR,2018,-169221.73311308288
Suriname,SUR,2019,-173616.52369559044
Suriname,SUR,2020,-179200.945158866
Suriname,SUR,2021,-186214.2649665724
Suriname,SUR,2022,-194362.69727434195
Suriname,SUR,2023,-202643.41049992468
Suriname,SUR,2024,-211348.80922711006
Suriname,SUR,2025,-220126.39156545897
Suriname,SUR,2026,-228925.15136374452
Suriname,SUR,2027,-237633.50357258174
Suriname,SUR,2028,-246122.09885421454
Suriname,SUR,2029,-254575.9910316038
Suriname,SUR,2030,-262946.4600127028
Sweden,SWE,2016,-166405.854875559
Sweden,SWE,2017,-172679.58881157712
Sweden,SWE,2018,-180165.63598413914
Sweden,SWE,2019,-189347.93091469991
Sweden,SWE,2020,-199624.09934886973
Sweden,SWE,2021,-210464.6644693214
Sweden,SWE,2022,-221539.10900259495
Sweden,SWE,2023,-232416.50950923323
Sweden,SWE,2024,-243212.3775951328
Sweden,SWE,2025,-254100.3894581466
Sweden,SWE,2026,-265156.18162841944
Sweden,SWE,2027,-276257.2455614614
Sweden,SWE,2028,-287416.25156809017
Sweden,SWE,2029,-298721.6538050211
Sweden,SWE,2030,-310177.70835337276
Switzerland,CHE,2016,106819.18495267993
Switzerland,CHE,2017,111850.71014654454
Switzerland,CHE,2018,117562.23433315483
Switzerland,CHE,2019,122586.05583316964
Switzerland,CHE,2020,127339.31739953083
Switzerland,CHE,2021,130782.93345429747
Switzerland,CHE,2022,134335.14074073033
Switzerland,CHE,2023,136678.08258040543
Switzerland,CHE,2024,140441.86312553013
Switzerland,CHE,2025,144420.4690701803
Switzerland,CHE,2026,150780.07416906807
Switzerland,CHE,2027,157100.79527038313
Switzerland,CHE,2028,164754.10826821835
Switzerland,CHE,2029,168613.56865128613
Switzerland,CHE,2030,171400.72428599908
Syria,SYR,2016,132353.88909822007
Syria,SYR,2017,139353.8282350978
Syria,SYR,2018,147527.13846726785
Syria,SYR,2019,152186.01025254326
Syria,SYR,2020,158145.2507456268
Syria,SYR,2021,159843.93970878317
Syria,SYR,2022,163970.02289272845
Syria,SYR,2023,165787.66222000017
Syria,SYR,2024,172111.3487458289
Syria,SYR,2025,177684.06618654518
Syria,SYR,2026,187163.15202230314
Syria,SYR,2027,193542.44420683663
Syria,SYR,2028,200789.08059216425
Syria,SYR,2029,202625.68150068
Syria,SYR,2030,204886.2356695495
Tanzania,TZA,2016,-10610954.83210094
Tanzania,TZA,2017,-11033862.235529281
Tanzania,TZA,2018,-11425533.931047179
Tanzania,TZA,2019,-11867922.559095003
Tanzania,TZA,2020,-12374281.72373174
Tanzania,TZA,2021,-12820964.288232714
Tanzania,TZA,2022,-13279498.271087287
Tanzania,TZA,2023,-13740027.857872207
Tanzania,TZA,2024,-14175003.4619993
Tanzania,TZA,2025,-14617453.832834935
Tanzania,TZA,2026,-15060179.414440982
Tanzania,TZA,2027,-15518279.506975964
Tanzania,TZA,2028,-15986898.579440663
Tanzania,TZA,2029,-16479146.28510731
Tanzania,TZA,2030,-16991080.866079822
Thailand,THA,2016,923767.6449537206
Thailand,THA,2017,1031914.3135239533
Thailand,THA,2018,1133832.326760875
Thailand,THA,2019,1186223.5958842707
Thailand,THA,2020,1225102.9479389694
Thailand,THA,2021,1249893.5267628771
Thailand,THA,2022,1288020.0351047372
Thailand,THA,2023,1332429.0998959208
Thailand,THA,2024,1386139.2192225256
Thailand,THA,2025,1440252.130580113
Thailand,THA,2026,1493357.29316303
Thailand,THA,2027,1541418.2584770797
Thailand,THA,2028,1587242.278126193
Thailand,THA,2029,1631690.4426759928
Thailand,THA,2030,1678054.2915458218
Togo,TGO,2016,-128116.47268126607
Togo,TGO,2017,-132823.0700930365
Togo,TGO,2018,-137507.39514797693
Togo,TGO,2019,-141992.89673400385
Togo,TGO,2020,-145588.9014095189
Togo,TGO,2021,-149475.64584158393
Togo,TGO,2022,-153292.48255788116
Togo,TGO,2023,-157497.6989089496
Togo,TGO,2024,-161805.81929586508
Togo,TGO,2025,-166225.9602639046
Togo,TGO,2026,-170645.26069904317
Togo,TGO,2027,-175043.25625974603
Togo,TGO,2028,-179619.53864491175
Togo,TGO,2029,-184273.68310059508
Togo,TGO,2030,-188918.78479091963
Tokelau,TKL,2016,0.002199618723794763
Tokelau,TKL,2017,0.004517690145371189
Tokelau,TKL,2018,0.007408580163874986
Tokelau,TKL,2019,0.009749515487631795
Tokelau,TKL,2020,0.011878969675849256
Tokelau,TKL,2021,0.013435719273591553
Tokelau,TKL,2022,0.01357268896426877
Tokelau,TKL,2023,0.01297300505380471
Tokelau,TKL,2024,0.011824474692849234
Tokelau,TKL,2025,0.010329851948240137
Tokelau,TKL,2026,0.008351604833981023
Tokelau,TKL,2027,0.006067132331853108
Tokelau,TKL,2028,0.003717974272594956
Tokelau,TKL,2029,0.0013426671205255861
Tokelau,TKL,2030,-0.001061304736691462
Tunisia,TUN,2016,54033.728865934405
Tunisia,TUN,2017,56736.731319911254
Tunisia,TUN,2018,59991.57048011626
Tunisia,TUN,2019,61960.49801350737
Tunisia,TUN,2020,64477.36564468726
Tunisia,TUN,2021,65315.34849566141
Tunisia,TUN,2022,67104.03727978797
Tunisia,TUN,2023,67880.94614709856
Tunisia,TUN,2024,70448.19716063574
Tunisia,TUN,2025,72646.08150889237
Tunisia,TUN,2026,76461.68308639748
Tunisia,TUN,2027,78996.54198215783
Tunisia,TUN,2028,81990.12469610033
Tunisia,TUN,2029,82779.03220716355
Tunisia,TUN,2030,83857.93833516812
Turkey,TUR,2016,2361858.0976396687
Turkey,TUR,2017,2464565.7491501328
Turkey,TUR,2018,2485403.0967784245
Turkey,TUR,2019,2622118.7205948513
Turkey,TUR,2020,2722638.1393222455
Turkey,TUR,2021,2928061.0665941844
Turkey,TUR,2022,3024209.9526743423
Turkey,TUR,2023,3157818.141271863
Turkey,TUR,2024,3152794.208395495
Turkey,TUR,2025,3205548.6235861555
Turkey,TUR,2026,3168995.035341455
Turkey,TUR,2027,3272519.2658227654
Turkey,TUR,2028,3365654.0858269315
Turkey,TUR,2029,3626157.984728816
Turkey,TUR,2030,3814841.8148396853
Uganda,UGA,2016,-1158559.890404251
Uganda,UGA,2017,-1206178.3687625797
Uganda,UGA,2018,-1257165.7429882234
Uganda,UGA,2019,-1309678.4225856704
Uganda,UGA,2020,-1363953.85783521
Uganda,UGA,2021,-1413926.6323337639
Uganda,UGA,2022,-1461104.1440253067
Uganda,UGA,2023,-1506924.9815719058
Uganda,UGA,2024,-1551000.5669762236
Uganda,UGA,2025,-1595154.2608001558
Uganda,UGA,2026,-1641431.9757940657
Uganda,UGA,2027,-1690631.5698365197
Uganda,UGA,2028,-1743761.1684587565
Uganda,UGA,2029,-1799653.6577973347
Uganda,UGA,2030,-1856183.1987923826
Ukraine,UKR,2016,235583.50270452877
Ukraine,UKR,2017,235922.5423418479
Ukraine,UKR,2018,238021.94980341487
Ukraine,UKR,2019,252775.0102291401
Ukraine,UKR,2020,268865.11021895614
Ukraine,UKR,2021,289539.43734299036
Ukraine,UKR,2022,304111.95081509877
Ukraine,UKR,2023,316585.28963495395
Ukraine,UKR,2024,320813.0493318063
Ukraine,UKR,2025,325230.0473808068
Ukraine,UKR,2026,326111.4301053134
Ukraine,UKR,2027,333739.52550413256
Ukraine,UKR,2028,344912.3741364274
Ukraine,UKR,2029,365862.4394012905
Ukraine,UKR,2030,389713.642840629
United Kingdom,GBR,2016,371106.16473112913
United Kingdom,GBR,2017,383486.3018013848
United Kingdom,GBR,2018,379133.61425807024
United Kingdom,GBR,2019,397351.37314580625
United Kingdom,GBR,2020,412897.9452103913
United Kingdom,GBR,2021,450495.3842519936
United Kingdom,GBR,2022,467581.4296939152
United Kingdom,GBR,2023,487949.1920693113
United Kingdom,GBR,2024,483759.7728362824
United Kingdom,GBR,2025,486965.0387353661
United Kingdom,GBR,2026,478231.5812623606
United Kingdom,GBR,2027,494046.2817968311
United Kingdom,GBR,2028,510773.5563384144
United Kingdom,GBR,2029,551211.5238713995
United Kingdom,GBR,2030,584651.6498532387
United States,USA,2016,9356078.333021667
United States,USA,2017,9928500.646143485
United States,USA,2018,10588064.274636613
United States,USA,2019,10994879.612018116
United States,USA,2020,11463137.724333674
United States,USA,2021,11651470.286406877
United States,USA,2022,11983587.978610665
United States,USA,2023,12202086.563792676
United States,USA,2024,12716749.114516752
United States,USA,2025,13223361.64207403
United States,USA,2026,13923635.358006625
United States,USA,2027,14480389.52038787
United States,USA,2028,15046952.417839997
United States,USA,2029,15310793.339148384
United States,USA,2030,15547997.41182206
Uruguay,URY,2016,1024214.3242728629
Uruguay,URY,2017,1067238.9731850927
Uruguay,URY,2018,1109309.6087576328
Uruguay,URY,2019,1173729.8028064305
Uruguay,URY,2020,1215081.2980332754
Uruguay,URY,2021,1269309.606448338
Uruguay,URY,2022,1287174.6029002967
Uruguay,URY,2023,1323713.5952625617
Uruguay,URY,2024,1331856.5141309255
Uruguay,URY,2025,1377151.8202300994
Uruguay,URY,2026,1408993.5053787068
Uruguay,URY,2027,1489984.7665544
Uruguay,URY,2028,1543239.4542835266
Uruguay,URY,2029,1621757.009694737
Uruguay,URY,2030,1649185.6053057415
Uzbekistan,UZB,2016,1071051.3270100371
Uzbekistan,UZB,2017,1122357.4439898948
Uzbekistan,UZB,2018,1187158.3368138094
Uzbekistan,UZB,2019,1233580.574413749
Uzbekistan,UZB,2020,1284719.1693823163
Uzbekistan,UZB,2021,1309337.3195702087
Uzbekistan,UZB,2022,1345444.753047832
Uzbekistan,UZB,2023,1364462.1499231725
Uzbekistan,UZB,2024,1412630.6230733916
Uzbekistan,UZB,2025,1457878.799972809
Uzbekistan,UZB,2026,1531255.3894695602
Uzbekistan,UZB,2027,1588960.8068007473
Uzbekistan,UZB,2028,1655574.528425996
Uzbekistan,UZB,2029,1687711.0035797497
Uzbekistan,UZB,2030,1718255.4004351308
Vatican,VAT,2016,0.002199618723794763
Vatican,VAT,2017,0.004517690145371189
Vatican,VAT,2018,0.007408580163874986
Vatican,VAT,2019,0.009749515487631795
Vatican,VAT,2020,0.011878969675849256
Vatican,VAT,2021,0.013435719273591553
Vatican,VAT,2022,0.01357268896426877
Vatican,VAT,2023,0.01297300505380471
Vatican,VAT,2024,0.011824474692849234
Vatican,VAT,2025,0.010329851948240137
Vatican,VAT,2026,0.008351604833981023
Vatican,VAT,2027,0.006067132331853108
Vatican,VAT,2028,0.003717974272594956
Vatican,VAT,2029,0.0013426671205255861
Vatican,VAT,2030,-0.001061304736691462
Venezuela,VEN,2016,-5357531.162464926
Venezuela,VEN,2017,-5577875.634696497
Venezuela,VEN,2018,-5810155.756264809
Venezuela,VEN,2019,-6042300.810974467
Venezuela,VEN,2020,-6220202.581331217
Venezuela,VEN,2021,-6404242.418533694
Venezuela,VEN,2022,-6577423.8380387565
Venezuela,VEN,2023,-6764490.227143148
Venezuela,VEN,2024,-6954079.136753119
Venezuela,VEN,2025,-7159908.5567970015
Venezuela,VEN,2026,-7372347.366586833
Venezuela,VEN,2027,-7592924.218736174
Venezuela,VEN,2028,-7813082.080838902
Venezuela,VEN,2029,-8033681.8340668455
Venezuela,VEN,2030,-8253400.188353763
Vietnam,VNM,2016,4779555.142505782
Vietnam,VNM,2017,5038892.124036615
Vietnam,VNM,2018,5335459.704723597
Vietnam,VNM,2019,5513394.664632548
Vietnam,VNM,2020,5712637.246378542
Vietnam,VNM,2021,5771080.339566184
Vietnam,VNM,2022,5892751.241250171
Vietnam,VNM,2023,5953624.518001794
Vietnam,VNM,2024,6161601.327274701
Vietnam,VNM,2025,6370046.056911766
Vietnam,VNM,2026,6711097.632632946
Vietnam,VNM,2027,6966434.235127107
Vietnam,VNM,2028,7235779.084292898
Vietnam,VNM,2029,7320862.03206886
Vietnam,VNM,2030,7392765.078639552
World,OWID_WRL,2016,-160459037.61598518
World,OWID_WRL,2017,-166913870.3765895
World,OWID_WRL,2018,-173963527.97817892
World,OWID_WRL,2019,-180810735.64903688
World,OWID_WRL,2020,-187337058.77305225
World,OWID_WRL,2021,-193621376.9861216
World,OWID_WRL,2022,-199442160.76285562
World,OWID_WRL,2023,-205047534.05375624
World,OWID_WRL,2024,-210624265.08292168
World,OWID_WRL,2025,-216422352.6700331
World,OWID_WRL,2026,-222759745.427553
World,OWID_WRL,2027,-229537181.4551099
World,OWID_WRL,2028,-236783436.7773629
World,OWID_WRL,2029,-244216741.31530797
World,OWID_WRL,2030,-251722667.80463582
Zambia,ZMB,2016,-2399146.4207349126
Zambia,ZMB,2017,-2311894.0694561745
Zambia,ZMB,2018,-2342663.5004712455
Zambia,ZMB,2019,-2429589.618220285
Zambia,ZMB,2020,-2549659.396638382
Zambia,ZMB,2021,-2651741.6553911082
Zambia,ZMB,2022,-2773491.9025695175
Zambia,ZMB,2023,-2884478.357771811
Zambia,ZMB,2024,-3005132.7938006218
Zambia,ZMB,2025,-3124310.5483158277
Zambia,ZMB,2026,-3249837.7160515785
Zambia,ZMB,2027,-3377301.0013578087
Zambia,ZMB,2028,-3508186.8550702017
Zambia,ZMB,2029,-3641936.0600459375
Zambia,ZMB,2030,-3775269.7765351795
Zimbabwe,ZWE,2016,-1293935.858204223
Zimbabwe,ZWE,2017,-1347118.483609513
Zimbabwe,ZWE,2018,-1404063.6552598323
Zimbabwe,ZWE,2019,-1462712.3619035713
Zimbabwe,ZWE,2020,-1523329.7995265191
Zimbabwe,ZWE,2021,-1579141.8170088949
Zimbabwe,ZWE,2022,-1631831.949460504
Zimbabwe,ZWE,2023,-1683006.8824489154
Zimbabwe,ZWE,2024,-1732232.6332265376
Zimbabwe,ZWE,2025,-1781545.6192742523
Zimbabwe,ZWE,2026,-1833230.815147454
Zimbabwe,ZWE,2027,-1888179.3072089253
Zimbabwe,ZWE,2028,-1947517.018930785
Zimbabwe,ZWE,2029,-2009940.4609629852
Zimbabwe,ZWE,2030,-2073075.3931725007
